gen,time,cMinPowerThermal,cMaxPowerThermal
8,1,0,0
13,1,0,0
17,1,0,0
19,1,0,0
5,2,0,0
17,2,0,0
22,2,0,0
25,2,0,0
17,3,0,0
19,3,0,0
20,3,0,0
22,3,0,0
5,4,0,0
17,4,0,0
19,4,0,0
17,5,0,0
22,5,0,0
25,5,0,0
5,6,0,0
7,6,0,0
17,6,0,0
22,6,0,0
25,6,0,0
7,7,0,0
17,7,0,0
19,7,0,0
17,8,0,0
25,8,0,0
5,9,0,0
17,9,0,0
25,9,0,0
17,10,0,0
12,11,0,0
17,11,0,0
17,12,0,0
17,13,0,0
5,14,0,0
17,14,0,0
17,15,0,0
17,16,0,0
5,17,0,0
17,17,0,0
19,17,0,0
5,18,0,0
17,18,0,0
19,18,0,0
25,18,0,0
4,19,0,0
8,19,0,0
13,19,0,0
17,19,0,0
23,19,0,0
26,19,0,0
5,20,0,0
20,20,0,0
22,20,0,0
5,21,0,0
19,21,0,0
25,21,0,0
5,22,0,0
19,22,0,0
19,23,0,0
20,23,0,0
22,23,0,0
23,23,0,0
25,23,0,0
4,24,0,0
8,24,0,0
13,24,0,0
17,24,0,0
19,24,0,0
25,24,0,0
26,24,0,0
5,25,0,0
8,25,0,0
13,25,0,0
17,25,0,0
25,25,0,0
5,26,0,0
17,26,0,0
19,26,0,0
17,27,0,0
25,27,0,0
5,28,0,0
17,28,0,0
25,28,0,0
17,29,0,0
20,29,0,0
23,29,0,0
26,29,0,0
5,30,0,0
17,30,0,0
17,31,0,0
20,31,0,0
23,31,0,0
26,31,0,0
17,32,0,0
5,33,0,0
17,33,0,0
20,33,0,0
23,33,0,0
26,33,0,0
17,34,0,0
17,35,0,0
20,35,0,0
23,35,0,0
26,35,0,0
5,36,0,0
17,36,0,0
17,37,0,0
20,37,0,0
23,37,0,0
26,37,0,0
17,38,0,0
17,39,0,0
20,39,0,0
23,39,0,0
5,40,0,0
17,40,0,0
26,40,0,0
17,41,0,0
20,41,0,0
23,41,0,0
4,42,0,0
13,42,0,0
17,42,0,0
26,42,0,0
8,43,0,0
13,43,0,0
17,43,0,0
17,44,0,0
25,44,0,0
26,44,0,0
17,45,0,0
20,45,0,0
23,45,0,0
26,45,0,0
5,46,0,0
17,46,0,0
19,46,0,0
7,47,0,0
8,47,0,0
13,47,0,0
17,47,0,0
25,47,0,0
4,48,0,0
8,48,0,0
13,48,0,0
17,48,0,0
20,48,0,0
23,48,0,0
25,48,0,0
26,48,0,0
5,49,0,0
17,49,0,0
25,49,0,0
5,50,0,0
17,50,0,0
20,50,0,0
23,50,0,0
26,50,0,0
17,51,0,0
20,51,0,0
23,51,0,0
17,52,0,0
26,52,0,0
7,53,0,0
17,53,0,0
20,53,0,0
23,53,0,0
17,54,0,0
20,54,0,0
23,54,0,0
26,54,0,0
5,55,0,0
17,55,0,0
17,56,0,0
20,56,0,0
23,56,0,0
26,56,0,0
5,57,0,0
17,57,0,0
7,58,0,0
17,58,0,0
20,58,0,0
23,58,0,0
26,58,0,0
17,59,0,0
19,59,0,0
17,60,0,0
20,60,0,0
23,60,0,0
26,60,0,0
5,61,0,0
7,61,0,0
17,61,0,0
19,61,0,0
22,61,0,0
7,62,0,0
17,62,0,0
20,62,0,0
23,62,0,0
26,62,0,0
17,63,0,0
19,63,0,0
22,63,0,0
26,63,0,0
17,64,0,0
20,64,0,0
23,64,0,0
5,65,0,0
17,65,0,0
19,65,0,0
22,65,0,0
26,65,0,0
17,66,0,0
20,66,0,0
22,66,0,0
26,66,0,0
17,67,0,0
19,67,0,0
23,67,0,0
17,68,0,0
20,68,0,0
26,68,0,0
17,69,0,0
22,69,0,0
17,70,0,0
19,70,0,0
20,70,0,0
23,70,0,0
26,70,0,0
5,71,0,0
17,71,0,0
17,72,0,0
20,72,0,0
23,72,0,0
26,72,0,0
17,73,0,0
17,74,0,0
20,74,0,0
23,74,0,0
26,74,0,0
17,75,0,0
19,75,0,0
17,76,0,0
19,76,0,0
20,76,0,0
23,76,0,0
26,76,0,0
5,77,0,0
17,77,0,0
17,78,0,0
20,78,0,0
23,78,0,0
26,78,0,0
17,79,0,0
5,80,0,0
17,80,0,0
26,80,0,0
17,81,0,0
20,81,0,0
23,81,0,0
17,82,0,0
26,82,0,0
17,83,0,0
20,83,0,0
23,83,0,0
17,84,0,0
5,85,0,0
17,85,0,0
19,85,0,0
20,85,0,0
23,85,0,0
26,85,0,0
17,86,0,0
22,86,0,0
17,87,0,0
19,87,0,0
17,88,0,0
20,88,0,0
23,88,0,0
26,88,0,0
5,89,0,0
17,89,0,0
5,90,0,0
17,90,0,0
17,91,0,0
20,91,0,0
23,91,0,0
26,91,0,0
17,92,0,0
5,93,0,0
17,93,0,0
17,94,0,0
20,94,0,0
23,94,0,0
26,94,0,0
5,95,0,0
17,95,0,0
17,96,0,0
20,96,0,0
23,96,0,0
26,96,0,0
17,97,0,0
17,98,0,0
20,98,0,0
23,98,0,0
26,98,0,0
5,99,0,0
17,99,0,0
5,100,0,0
17,100,0,0
17,101,0,0
20,101,0,0
23,101,0,0
26,101,0,0
17,102,0,0
5,103,0,0
17,103,0,0
5,104,0,0
17,104,0,0
20,104,0,0
23,104,0,0
26,104,0,0
17,105,0,0
17,106,0,0
17,107,0,0
5,108,0,0
17,108,0,0
5,109,0,0
17,109,0,0
17,110,0,0
17,111,0,0
17,112,0,0
19,112,0,0
17,113,0,0
8,114,0,0
17,114,0,0
19,114,0,0
22,114,0,0
4,115,0,0
8,115,0,0
13,115,0,0
17,115,0,0
20,115,0,0
26,115,0,0
7,116,0,0
10,116,0,0
15,116,0,0
17,116,0,0
19,116,0,0
22,116,0,0
23,116,0,0
5,117,0,0
12,118,0,0
7,119,0,0
10,119,0,0
20,119,0,0
21,119,0,0
22,119,0,0
24,119,0,0
26,119,0,0
4,120,0,0
7,120,0,0
8,120,0,0
13,120,0,0
17,120,0,0
19,120,0,0
22,120,0,0
17,121,0,0
25,121,0,0
17,122,0,0
20,122,0,0
23,122,0,0
25,122,0,0
26,122,0,0
5,123,0,0
17,123,0,0
17,124,0,0
23,124,0,0
25,124,0,0
26,124,0,0
17,125,0,0
20,125,0,0
17,126,0,0
25,126,0,0
17,127,0,0
5,128,0,0
13,128,0,0
17,128,0,0
19,128,0,0
25,128,0,0
17,129,0,0
17,130,0,0
19,130,0,0
25,130,0,0
17,131,0,0
5,132,0,0
17,132,0,0
19,132,0,0
25,132,0,0
5,133,0,0
17,133,0,0
17,134,0,0
19,134,0,0
25,134,0,0
17,135,0,0
19,135,0,0
8,136,0,0
13,136,0,0
17,136,0,0
19,136,0,0
22,136,0,0
25,136,0,0
8,137,0,0
13,137,0,0
17,137,0,0
19,137,0,0
25,137,0,0
17,138,0,0
19,138,0,0
22,138,0,0
27,138,0,0
17,139,0,0
24,139,0,0
25,139,0,0
17,140,0,0
19,140,0,0
22,140,0,0
27,140,0,0
17,141,0,0
25,141,0,0
5,142,0,0
17,142,0,0
19,142,0,0
24,142,0,0
17,143,0,0
21,143,0,0
25,143,0,0
27,143,0,0
17,144,0,0
19,144,0,0
22,144,0,0
13,145,0,0
17,145,0,0
8,146,0,0
13,146,0,0
17,146,0,0
8,147,0,0
17,147,0,0
19,147,0,0
22,147,0,0
4,148,0,0
8,148,0,0
13,148,0,0
17,148,0,0
13,149,0,0
17,149,0,0
21,149,0,0
22,149,0,0
23,149,0,0
27,149,0,0
10,150,0,0
15,150,0,0
17,150,0,0
19,150,0,0
20,150,0,0
26,150,0,0
24,151,0,0
27,151,0,0
10,152,0,0
15,152,0,0
17,152,0,0
10,153,0,0
15,153,0,0
17,153,0,0
19,153,0,0
17,154,0,0
24,154,0,0
5,155,0,0
7,155,0,0
10,155,0,0
15,155,0,0
17,155,0,0
25,155,0,0
7,156,0,0
10,156,0,0
15,156,0,0
17,156,0,0
7,157,0,0
12,157,0,0
22,157,0,0
23,157,0,0
5,158,0,0
10,158,0,0
15,158,0,0
17,158,0,0
19,158,0,0
22,158,0,0
25,158,0,0
7,159,0,0
10,159,0,0
15,159,0,0
17,159,0,0
19,159,0,0
24,159,0,0
25,159,0,0
10,160,0,0
15,160,0,0
17,160,0,0
20,160,0,0
21,160,0,0
22,160,0,0
24,160,0,0
25,160,0,0
27,160,0,0
10,161,0,0
15,161,0,0
17,161,0,0
19,161,0,0
21,161,0,0
24,161,0,0
25,161,0,0
27,161,0,0
5,162,0,0
10,162,0,0
15,162,0,0
17,162,0,0
21,162,0,0
23,162,0,0
24,162,0,0
27,162,0,0
10,163,0,0
15,163,0,0
17,163,0,0
19,163,0,0
21,163,0,0
24,163,0,0
25,163,0,0
27,163,0,0
15,164,0,0
17,164,0,0
19,164,0,0
22,164,0,0
25,164,0,0
5,165,0,0
10,165,0,0
15,165,0,0
17,165,0,0
22,165,0,0
26,165,0,0
5,166,0,0
10,166,0,0
15,166,0,0
17,166,0,0
19,166,0,0
21,166,0,0
25,166,0,0
27,166,0,0
7,167,0,0
8,167,0,0
13,167,0,0
17,167,0,0
20,167,0,0
22,167,0,0
25,167,0,0
8,168,0,0
13,168,0,0
17,168,0,0
19,168,0,0
5,169,0,0
17,169,0,0
19,169,0,0
22,169,0,0
5,170,0,0
17,170,0,0
22,170,0,0
4,171,0,0
17,171,0,0
19,171,0,0
4,172,0,0
17,172,0,0
19,172,0,0
22,172,0,0
25,172,0,0
4,173,0,0
17,173,0,0
22,173,0,0
25,173,0,0
4,174,0,0
5,174,0,0
17,174,0,0
17,175,0,0
19,175,0,0
22,175,0,0
25,175,0,0
13,176,0,0
17,176,0,0
5,177,0,0
13,177,0,0
17,177,0,0
19,177,0,0
22,177,0,0
25,177,0,0
13,178,0,0
17,178,0,0
19,178,0,0
22,178,0,0
25,178,0,0
13,179,0,0
17,179,0,0
25,179,0,0
5,180,0,0
13,180,0,0
17,180,0,0
13,181,0,0
17,181,0,0
19,181,0,0
25,181,0,0
5,182,0,0
8,182,0,0
13,182,0,0
17,182,0,0
8,183,0,0
17,183,0,0
19,183,0,0
22,183,0,0
25,183,0,0
7,184,0,0
17,184,0,0
22,184,0,0
17,185,0,0
19,185,0,0
22,185,0,0
25,185,0,0
17,186,0,0
19,186,0,0
5,187,0,0
7,187,0,0
12,187,0,0
17,187,0,0
19,187,0,0
22,187,0,0
25,187,0,0
17,188,0,0
5,189,0,0
17,189,0,0
19,189,0,0
22,189,0,0
25,189,0,0
17,190,0,0
19,190,0,0
22,190,0,0
25,190,0,0
17,191,0,0
25,191,0,0
5,192,0,0
8,192,0,0
13,192,0,0
17,192,0,0
19,192,0,0
22,192,0,0
5,193,0,0
8,193,0,0
13,193,0,0
17,193,0,0
19,193,0,0
25,193,0,0
5,194,0,0
17,194,0,0
20,194,0,0
25,194,0,0
17,195,0,0
19,195,0,0
23,195,0,0
25,195,0,0
26,195,0,0
17,196,0,0
20,196,0,0
17,197,0,0
23,197,0,0
25,197,0,0
26,197,0,0
17,198,0,0
5,199,0,0
17,199,0,0
20,199,0,0
23,199,0,0
26,199,0,0
17,200,0,0
25,200,0,0
4,201,0,0
17,201,0,0
20,201,0,0
23,201,0,0
26,201,0,0
5,202,0,0
17,202,0,0
25,202,0,0
17,203,0,0
20,203,0,0
23,203,0,0
26,203,0,0
17,204,0,0
20,204,0,0
23,204,0,0
26,204,0,0
17,205,0,0
5,206,0,0
17,206,0,0
20,206,0,0
23,206,0,0
26,206,0,0
4,207,0,0
17,207,0,0
17,208,0,0
5,209,0,0
13,209,0,0
17,209,0,0
20,209,0,0
23,209,0,0
26,209,0,0
13,210,0,0
17,210,0,0
5,211,0,0
8,211,0,0
17,211,0,0
20,211,0,0
23,211,0,0
26,211,0,0
8,212,0,0
17,212,0,0
25,212,0,0
8,213,0,0
17,213,0,0
17,214,0,0
20,214,0,0
23,214,0,0
25,214,0,0
26,214,0,0
13,215,0,0
17,215,0,0
25,215,0,0
5,216,0,0
17,216,0,0
20,216,0,0
23,216,0,0
25,216,0,0
26,216,0,0
13,217,0,0
17,217,0,0
25,217,0,0
17,218,0,0
20,218,0,0
23,218,0,0
25,218,0,0
26,218,0,0
17,219,0,0
20,219,0,0
23,219,0,0
26,219,0,0
5,220,0,0
17,220,0,0
4,221,0,0
17,221,0,0
26,221,0,0
4,222,0,0
17,222,0,0
20,222,0,0
23,222,0,0
26,222,0,0
4,223,0,0
5,223,0,0
17,223,0,0
17,224,0,0
20,224,0,0
23,224,0,0
26,224,0,0
5,225,0,0
17,225,0,0
20,225,0,0
23,225,0,0
26,225,0,0
17,226,0,0
17,227,0,0
20,227,0,0
23,227,0,0
26,227,0,0
17,228,0,0
17,229,0,0
5,230,0,0
17,230,0,0
20,230,0,0
23,230,0,0
26,230,0,0
17,231,0,0
4,232,0,0
17,232,0,0
20,232,0,0
23,232,0,0
26,232,0,0
17,233,0,0
13,234,0,0
17,234,0,0
23,234,0,0
13,235,0,0
17,235,0,0
20,235,0,0
26,235,0,0
5,236,0,0
12,236,0,0
17,236,0,0
13,237,0,0
17,237,0,0
23,237,0,0
26,237,0,0
5,238,0,0
17,238,0,0
20,238,0,0
13,239,0,0
17,239,0,0
25,239,0,0
13,240,0,0
17,240,0,0
20,240,0,0
23,240,0,0
26,240,0,0
8,241,0,0
13,241,0,0
17,241,0,0
23,241,0,0
5,242,0,0
13,242,0,0
17,242,0,0
17,243,0,0
19,243,0,0
22,243,0,0
17,244,0,0
27,244,0,0
5,245,0,0
17,245,0,0
19,245,0,0
22,245,0,0
17,246,0,0
19,246,0,0
4,247,0,0
5,247,0,0
17,247,0,0
12,248,0,0
17,248,0,0
19,248,0,0
22,248,0,0
17,249,0,0
25,249,0,0
5,250,0,0
17,250,0,0
25,250,0,0
4,251,0,0
17,251,0,0
19,251,0,0
22,251,0,0
5,252,0,0
17,252,0,0
17,253,0,0
19,253,0,0
22,253,0,0
25,253,0,0
5,254,0,0
17,254,0,0
25,254,0,0
17,255,0,0
19,255,0,0
22,255,0,0
17,256,0,0
25,256,0,0
17,257,0,0
22,257,0,0
25,257,0,0
13,258,0,0
17,258,0,0
8,259,0,0
13,259,0,0
17,259,0,0
19,259,0,0
22,259,0,0
25,259,0,0
8,260,0,0
17,260,0,0
19,260,0,0
25,260,0,0
5,261,0,0
8,261,0,0
17,261,0,0
22,261,0,0
8,262,0,0
17,262,0,0
19,262,0,0
25,262,0,0
8,263,0,0
17,263,0,0
19,263,0,0
22,263,0,0
25,263,0,0
5,264,0,0
8,264,0,0
13,264,0,0
17,264,0,0
24,264,0,0
13,265,0,0
17,265,0,0
19,265,0,0
22,265,0,0
25,265,0,0
17,266,0,0
19,266,0,0
25,266,0,0
5,267,0,0
17,267,0,0
22,267,0,0
17,268,0,0
19,268,0,0
21,268,0,0
25,268,0,0
4,269,0,0
7,269,0,0
17,269,0,0
22,269,0,0
5,270,0,0
17,270,0,0
19,270,0,0
25,270,0,0
5,271,0,0
17,271,0,0
22,271,0,0
17,272,0,0
19,272,0,0
25,272,0,0
17,273,0,0
19,273,0,0
22,273,0,0
4,274,0,0
17,274,0,0
19,274,0,0
22,274,0,0
25,274,0,0
5,275,0,0
17,275,0,0
22,275,0,0
7,276,0,0
17,276,0,0
19,276,0,0
22,276,0,0
25,276,0,0
5,277,0,0
17,277,0,0
22,277,0,0
17,278,0,0
19,278,0,0
5,279,0,0
13,279,0,0
17,279,0,0
19,279,0,0
22,279,0,0
8,280,0,0
13,280,0,0
17,280,0,0
19,280,0,0
17,281,0,0
21,281,0,0
24,281,0,0
27,281,0,0
5,282,0,0
10,282,0,0
15,282,0,0
17,282,0,0
19,282,0,0
25,282,0,0
7,283,0,0
12,283,0,0
20,283,0,0
23,283,0,0
26,283,0,0
12,284,0,0
10,285,0,0
17,285,0,0
19,285,0,0
22,285,0,0
25,285,0,0
10,286,0,0
17,286,0,0
27,286,0,0
5,287,0,0
10,287,0,0
12,287,0,0
15,287,0,0
17,287,0,0
19,287,0,0
20,287,0,0
22,287,0,0
24,287,0,0
25,287,0,0
17,288,0,0
19,288,0,0
23,288,0,0
26,288,0,0
27,288,0,0
7,289,0,0
8,289,0,0
13,289,0,0
17,289,0,0
21,289,0,0
27,289,0,0
5,290,0,0
8,290,0,0
13,290,0,0
17,290,0,0
19,290,0,0
21,290,0,0
8,291,0,0
13,291,0,0
17,291,0,0
22,291,0,0
8,292,0,0
13,292,0,0
17,292,0,0
19,292,0,0
8,293,0,0
13,293,0,0
17,293,0,0
5,294,0,0
8,294,0,0
13,294,0,0
17,294,0,0
19,294,0,0
22,294,0,0
4,295,0,0
17,295,0,0
5,296,0,0
17,296,0,0
22,296,0,0
4,297,0,0
17,297,0,0
19,297,0,0
24,297,0,0
8,298,0,0
13,298,0,0
17,298,0,0
8,299,0,0
13,299,0,0
17,299,0,0
19,299,0,0
5,300,0,0
8,300,0,0
13,300,0,0
17,300,0,0
22,300,0,0
8,301,0,0
17,301,0,0
19,301,0,0
5,302,0,0
8,302,0,0
17,302,0,0
20,302,0,0
21,302,0,0
22,302,0,0
24,302,0,0
27,302,0,0
17,303,0,0
19,303,0,0
17,304,0,0
21,304,0,0
23,304,0,0
24,304,0,0
26,304,0,0
10,305,0,0
17,305,0,0
19,305,0,0
5,306,0,0
10,306,0,0
17,306,0,0
20,306,0,0
22,306,0,0
23,306,0,0
23,307,0,0
25,307,0,0
20,308,0,0
22,310,0,0
10,311,0,0
17,311,0,0
5,312,0,0
17,312,0,0
22,312,0,0
23,312,0,0
17,313,0,0
26,313,0,0
27,313,0,0
17,314,0,0
23,314,0,0
25,314,0,0
13,315,0,0
17,315,0,0
19,315,0,0
5,316,0,0
13,316,0,0
17,316,0,0
21,316,0,0
22,316,0,0
24,316,0,0
25,316,0,0
27,316,0,0
8,317,0,0
13,317,0,0
17,317,0,0
19,317,0,0
8,318,0,0
13,318,0,0
17,318,0,0
19,318,0,0
22,318,0,0
4,319,0,0
17,319,0,0
5,320,0,0
17,320,0,0
21,320,0,0
22,320,0,0
24,320,0,0
27,320,0,0
4,321,0,0
17,321,0,0
19,321,0,0
8,322,0,0
13,322,0,0
17,322,0,0
21,322,0,0
22,322,0,0
24,322,0,0
27,322,0,0
13,323,0,0
17,323,0,0
19,323,0,0
17,324,0,0
21,324,0,0
24,324,0,0
27,324,0,0
17,325,0,0
17,326,0,0
19,326,0,0
17,327,0,0
26,327,0,0
10,328,0,0
17,328,0,0
19,328,0,0
25,328,0,0
7,329,0,0
10,329,0,0
15,329,0,0
17,329,0,0
22,329,0,0
25,329,0,0
26,329,0,0
10,330,0,0
15,330,0,0
17,330,0,0
7,331,0,0
12,331,0,0
26,331,0,0
12,332,0,0
23,332,0,0
15,333,0,0
17,333,0,0
25,333,0,0
10,334,0,0
15,334,0,0
17,334,0,0
19,334,0,0
22,334,0,0
25,334,0,0
10,335,0,0
15,335,0,0
17,335,0,0
22,335,0,0
7,336,0,0
10,336,0,0
15,336,0,0
17,336,0,0
19,336,0,0
20,336,0,0
17,337,0,0
21,337,0,0
22,337,0,0
23,337,0,0
24,337,0,0
26,337,0,0
27,337,0,0
17,338,0,0
7,339,0,0
13,339,0,0
17,339,0,0
13,340,0,0
17,340,0,0
19,340,0,0
22,340,0,0
5,341,0,0
8,341,0,0
17,341,0,0
19,341,0,0
21,341,0,0
24,341,0,0
27,341,0,0
8,342,0,0
13,342,0,0
17,342,0,0
19,342,0,0
22,342,0,0
4,343,0,0
5,343,0,0
7,343,0,0
17,343,0,0
21,343,0,0
24,343,0,0
17,344,0,0
17,345,0,0
19,345,0,0
4,346,0,0
8,346,0,0
13,346,0,0
17,346,0,0
21,346,0,0
22,346,0,0
24,346,0,0
27,346,0,0
5,347,0,0
13,347,0,0
17,347,0,0
17,348,0,0
19,348,0,0
21,348,0,0
22,348,0,0
23,348,0,0
24,348,0,0
27,348,0,0
7,349,0,0
17,349,0,0
17,350,0,0
22,350,0,0
7,351,0,0
17,351,0,0
19,351,0,0
17,352,0,0
22,352,0,0
25,352,0,0
10,353,0,0
15,353,0,0
17,353,0,0
19,353,0,0
10,354,0,0
17,354,0,0
22,354,0,0
25,354,0,0
5,355,0,0
7,355,0,0
10,355,0,0
15,355,0,0
17,355,0,0
20,355,0,0
23,355,0,0
12,356,0,0
20,356,0,0
23,356,0,0
26,356,0,0
7,357,0,0
10,357,0,0
17,357,0,0
19,357,0,0
25,357,0,0
10,358,0,0
17,358,0,0
19,358,0,0
22,358,0,0
25,358,0,0
5,359,0,0
10,359,0,0
15,359,0,0
17,359,0,0
19,359,0,0
21,359,0,0
24,359,0,0
5,360,0,0
10,360,0,0
15,360,0,0
17,360,0,0
19,360,0,0
22,360,0,0
25,360,0,0
26,360,0,0
27,360,0,0
4,361,0,0
5,361,0,0
7,361,0,0
17,361,0,0
19,361,0,0
22,361,0,0
25,361,0,0
7,362,0,0
17,362,0,0
19,362,0,0
22,362,0,0
5,363,0,0
7,363,0,0
17,363,0,0
19,363,0,0
22,363,0,0
25,363,0,0
7,364,0,0
17,364,0,0
19,364,0,0
22,364,0,0
25,364,0,0
27,364,0,0
5,365,0,0
7,365,0,0
17,365,0,0
19,365,0,0
22,365,0,0
25,365,0,0
7,366,0,0
17,366,0,0
19,366,0,0
21,366,0,0
22,366,0,0
24,366,0,0
27,366,0,0
17,367,0,0
5,368,0,0
17,368,0,0
19,368,0,0
21,368,0,0
22,368,0,0
24,368,0,0
25,368,0,0
27,368,0,0
17,369,0,0
19,369,0,0
22,369,0,0
25,369,0,0
5,370,0,0
17,370,0,0
19,370,0,0
22,370,0,0
25,370,0,0
17,371,0,0
19,371,0,0
21,371,0,0
22,371,0,0
24,371,0,0
27,371,0,0
17,372,0,0
19,372,0,0
22,372,0,0
25,372,0,0
12,373,0,0
17,373,0,0
19,373,0,0
22,373,0,0
25,373,0,0
5,374,0,0
7,374,0,0
17,374,0,0
19,374,0,0
22,374,0,0
12,375,0,0
17,375,0,0
19,375,0,0
21,375,0,0
24,375,0,0
25,375,0,0
27,375,0,0
17,376,0,0
19,376,0,0
22,376,0,0
25,376,0,0
17,377,0,0
19,377,0,0
22,377,0,0
5,378,0,0
7,378,0,0
17,378,0,0
19,378,0,0
22,378,0,0
25,378,0,0
17,379,0,0
21,379,0,0
24,379,0,0
25,379,0,0
27,379,0,0
17,380,0,0
19,380,0,0
22,380,0,0
25,380,0,0
17,381,0,0
19,381,0,0
22,381,0,0
25,381,0,0
5,382,0,0
7,382,0,0
17,382,0,0
19,382,0,0
21,382,0,0
22,382,0,0
24,382,0,0
25,382,0,0
17,383,0,0
19,383,0,0
22,383,0,0
25,383,0,0
27,383,0,0
17,384,0,0
19,384,0,0
22,384,0,0
17,385,0,0
19,385,0,0
22,385,0,0
5,386,0,0
17,386,0,0
19,386,0,0
21,386,0,0
22,386,0,0
24,386,0,0
25,386,0,0
27,386,0,0
17,387,0,0
19,387,0,0
22,387,0,0
25,387,0,0
17,388,0,0
19,388,0,0
22,388,0,0
5,389,0,0
17,389,0,0
19,389,0,0
25,389,0,0
7,390,0,0
17,390,0,0
19,390,0,0
22,390,0,0
17,391,0,0
19,391,0,0
22,391,0,0
24,391,0,0
5,392,0,0
17,392,0,0
19,392,0,0
21,392,0,0
22,392,0,0
25,392,0,0
27,392,0,0
17,393,0,0
19,393,0,0
22,393,0,0
5,394,0,0
17,394,0,0
19,394,0,0
22,394,0,0
5,395,0,0
17,395,0,0
21,395,0,0
25,395,0,0
27,395,0,0
7,396,0,0
17,396,0,0
19,396,0,0
22,396,0,0
17,397,0,0
19,397,0,0
22,397,0,0
25,397,0,0
5,398,0,0
7,398,0,0
17,398,0,0
19,398,0,0
22,398,0,0
24,398,0,0
5,399,0,0
17,399,0,0
19,399,0,0
21,399,0,0
22,399,0,0
25,399,0,0
7,400,0,0
12,400,0,0
17,400,0,0
19,400,0,0
22,400,0,0
27,400,0,0
4,401,0,0
17,401,0,0
19,401,0,0
22,401,0,0
25,401,0,0
12,402,0,0
13,402,0,0
17,402,0,0
19,402,0,0
22,402,0,0
25,402,0,0
8,403,0,0
13,403,0,0
17,403,0,0
19,403,0,0
21,403,0,0
22,403,0,0
24,403,0,0
25,403,0,0
8,404,0,0
17,404,0,0
19,404,0,0
22,404,0,0
27,404,0,0
5,405,0,0
13,405,0,0
17,405,0,0
19,405,0,0
22,405,0,0
25,405,0,0
13,406,0,0
17,406,0,0
19,406,0,0
22,406,0,0
24,406,0,0
5,407,0,0
17,407,0,0
21,407,0,0
25,407,0,0
27,407,0,0
17,408,0,0
19,408,0,0
22,408,0,0
4,409,0,0
12,409,0,0
17,409,0,0
19,409,0,0
22,409,0,0
17,410,0,0
19,410,0,0
21,410,0,0
22,410,0,0
24,410,0,0
25,410,0,0
5,411,0,0
7,411,0,0
17,411,0,0
19,411,0,0
22,411,0,0
4,412,0,0
17,412,0,0
19,412,0,0
22,412,0,0
25,412,0,0
27,412,0,0
17,413,0,0
19,413,0,0
22,413,0,0
7,414,0,0
17,414,0,0
19,414,0,0
22,414,0,0
25,414,0,0
17,415,0,0
19,415,0,0
21,415,0,0
22,415,0,0
24,415,0,0
5,416,0,0
17,416,0,0
19,416,0,0
22,416,0,0
25,416,0,0
27,416,0,0
5,417,0,0
17,417,0,0
19,417,0,0
22,417,0,0
25,417,0,0
17,418,0,0
19,418,0,0
22,418,0,0
4,419,0,0
7,419,0,0
17,419,0,0
21,419,0,0
24,419,0,0
25,419,0,0
27,419,0,0
17,420,0,0
19,420,0,0
22,420,0,0
17,421,0,0
19,421,0,0
22,421,0,0
5,422,0,0
7,422,0,0
17,422,0,0
19,422,0,0
21,422,0,0
22,422,0,0
25,422,0,0
4,423,0,0
17,423,0,0
19,423,0,0
22,423,0,0
5,424,0,0
8,424,0,0
12,424,0,0
13,424,0,0
17,424,0,0
19,424,0,0
22,424,0,0
24,424,0,0
27,424,0,0
7,425,0,0
8,425,0,0
13,425,0,0
17,425,0,0
19,425,0,0
22,425,0,0
25,425,0,0
5,426,0,0
10,426,0,0
12,426,0,0
15,426,0,0
17,426,0,0
19,426,0,0
22,426,0,0
12,427,0,0
14,427,0,0
18,427,0,0
25,427,0,0
25,428,0,0
10,430,0,0
11,430,0,0
17,430,0,0
19,430,0,0
25,430,0,0
7,431,0,0
12,431,0,0
17,431,0,0
19,431,0,0
22,431,0,0
25,431,0,0
7,432,0,0
17,432,0,0
19,432,0,0
22,432,0,0
25,432,0,0
5,433,0,0
7,433,0,0
8,433,0,0
17,433,0,0
19,433,0,0
22,433,0,0
25,433,0,0
7,434,0,0
13,434,0,0
17,434,0,0
19,434,0,0
22,434,0,0
7,435,0,0
13,435,0,0
17,435,0,0
19,435,0,0
5,436,0,0
7,436,0,0
13,436,0,0
17,436,0,0
19,436,0,0
21,436,0,0
22,436,0,0
24,436,0,0
25,436,0,0
27,436,0,0
7,437,0,0
13,437,0,0
17,437,0,0
25,437,0,0
7,438,0,0
13,438,0,0
17,438,0,0
19,438,0,0
22,438,0,0
25,438,0,0
5,439,0,0
7,439,0,0
13,439,0,0
17,439,0,0
19,439,0,0
21,439,0,0
24,439,0,0
25,439,0,0
5,440,0,0
7,440,0,0
17,440,0,0
19,440,0,0
22,440,0,0
27,440,0,0
7,441,0,0
17,441,0,0
19,441,0,0
22,441,0,0
25,441,0,0
17,442,0,0
19,442,0,0
22,442,0,0
25,442,0,0
17,443,0,0
21,443,0,0
22,443,0,0
24,443,0,0
25,443,0,0
17,444,0,0
19,444,0,0
22,444,0,0
25,444,0,0
27,444,0,0
17,445,0,0
19,445,0,0
25,445,0,0
8,446,0,0
17,446,0,0
19,446,0,0
22,446,0,0
25,446,0,0
8,447,0,0
17,447,0,0
19,447,0,0
22,447,0,0
27,447,0,0
17,448,0,0
21,448,0,0
22,448,0,0
24,448,0,0
25,448,0,0
10,449,0,0
15,449,0,0
17,449,0,0
19,449,0,0
22,449,0,0
7,450,0,0
10,450,0,0
17,450,0,0
19,450,0,0
22,450,0,0
12,451,0,0
22,451,0,0
25,451,0,0
22,452,0,0
25,452,0,0
7,453,0,0
10,453,0,0
17,453,0,0
22,453,0,0
25,453,0,0
10,454,0,0
15,454,0,0
17,454,0,0
19,454,0,0
22,454,0,0
24,454,0,0
27,454,0,0
7,455,0,0
10,455,0,0
15,455,0,0
17,455,0,0
19,455,0,0
22,455,0,0
25,455,0,0
17,456,0,0
22,456,0,0
5,457,0,0
8,457,0,0
13,457,0,0
17,457,0,0
19,457,0,0
22,457,0,0
25,457,0,0
13,458,0,0
17,458,0,0
19,458,0,0
22,458,0,0
25,458,0,0
7,459,0,0
13,459,0,0
17,459,0,0
19,459,0,0
22,459,0,0
5,460,0,0
13,460,0,0
17,460,0,0
19,460,0,0
22,460,0,0
24,460,0,0
25,460,0,0
27,460,0,0
12,461,0,0
13,461,0,0
17,461,0,0
19,461,0,0
12,462,0,0
13,462,0,0
17,462,0,0
19,462,0,0
22,462,0,0
8,463,0,0
13,463,0,0
17,463,0,0
19,463,0,0
22,463,0,0
8,464,0,0
17,464,0,0
19,464,0,0
22,464,0,0
25,464,0,0
5,465,0,0
8,465,0,0
12,465,0,0
17,465,0,0
22,465,0,0
25,465,0,0
17,466,0,0
19,466,0,0
22,466,0,0
25,466,0,0
13,467,0,0
17,467,0,0
19,467,0,0
21,467,0,0
24,467,0,0
27,467,0,0
5,468,0,0
7,468,0,0
13,468,0,0
17,468,0,0
19,468,0,0
22,468,0,0
13,469,0,0
17,469,0,0
19,469,0,0
22,469,0,0
25,469,0,0
8,470,0,0
13,470,0,0
17,470,0,0
21,470,0,0
22,470,0,0
24,470,0,0
27,470,0,0
8,471,0,0
13,471,0,0
17,471,0,0
19,471,0,0
22,471,0,0
25,471,0,0
17,472,0,0
19,472,0,0
22,472,0,0
7,473,0,0
17,473,0,0
19,473,0,0
22,473,0,0
25,473,0,0
10,474,0,0
17,474,0,0
19,474,0,0
22,474,0,0
25,474,0,0
18,475,0,0
25,475,0,0
25,476,0,0
18,477,0,0
10,478,0,0
17,478,0,0
25,478,0,0
7,479,0,0
8,479,0,0
17,479,0,0
19,479,0,0
22,479,0,0
25,479,0,0
8,480,0,0
13,480,0,0
17,480,0,0
19,480,0,0
22,480,0,0
25,480,0,0